Seats,Availability,Name,Phone,email
1,Taken,Filler,2479769124,fakeemail@filler.com
2,Taken,Filler1,2479769124,fakeemail@filler.com
3,Taken,Filler,8466168154,fakeemail@filler.com
4,Taken,Filler1,1279161185,fakeemail@filler.com
5,Taken,Filler,1234567891,fakeemail@filler.com
6,Taken,Filler1,2479769124,fakeemail@filler.com
7,Taken,Filler,2479769124,fakeemail@filler.com
8,Taken,Filler1,8466168154,fakeemail@filler.com
9,Taken,Filler,1279161185,fakeemail@filler.com
10,Taken,Filler1,1234567891,fakeemail@filler.com
11,Taken,Filler,2479769124,fakeemail@filler.com
12,Taken,Filler1,2479769124,fakeemail@filler.com
13,Taken,Filler,8466168154,fakeemail@filler.com
14,Taken,Filler1,1279161185,fakeemail@filler.com
15,Taken,Filler,1234567891,fakeemail@filler.com
16,Taken,Filler1,2479769124,fakeemail@filler.com
17,Taken,Filler,2479769124,fakeemail@filler.com
18,Taken,Filler1,8466168154,fakeemail@filler.com
19,Taken,Filler,1279161185,fakeemail@filler.com
20,Taken,Filler1,1234567891,fakeemail@filler.com
21,Taken,Filler,2479769124,fakeemail@filler.com
22,Taken,Filler1,2479769124,fakeemail@filler.com
23,Taken,Filler,8466168154,fakeemail@filler.com
24,Taken,Filler1,1279161185,fakeemail@filler.com
25,Taken,Filler,1234567891,fakeemail@filler.com
26,Taken,Filler1,2479769124,fakeemail@filler.com
27,Taken,Filler,2479769124,fakeemail@filler.com
28,Taken,Filler1,8466168154,fakeemail@filler.com
29,Taken,Filler,1279161185,fakeemail@filler.com
30,Taken,Filler1,1234567891,fakeemail@filler.com
31,Taken,Filler,2479769124,fakeemail@filler.com
32,Taken,Filler1,2479769124,fakeemail@filler.com
33,Taken,Filler,8466168154,fakeemail@filler.com
34,Taken,Filler1,1279161185,fakeemail@filler.com
35,Taken,Filler,1234567891,fakeemail@filler.com
36,Taken,Filler1,2479769124,fakeemail@filler.com
37,Taken,Filler,2479769124,fakeemail@filler.com
38,Taken,Filler1,8466168154,fakeemail@filler.com
39,Taken,Filler,1279161185,fakeemail@filler.com
40,Taken,Filler1,1234567891,fakeemail@filler.com
41,Taken,Filler,2479769124,fakeemail@filler.com
42,Taken,Filler1,2479769124,fakeemail@filler.com
43,Taken,Filler,8466168154,fakeemail@filler.com
44,Taken,Filler1,1279161185,fakeemail@filler.com
45,Taken,Filler,1234567891,fakeemail@filler.com
46,Taken,Filler1,2479769124,fakeemail@filler.com
47,Taken,Filler,2479769124,fakeemail@filler.com
48,Taken,Filler1,8466168154,fakeemail@filler.com
49,Taken,Filler,1279161185,fakeemail@filler.com
50,Taken,Filler1,1234567891,fakeemail@filler.com
51,Taken,Filler,2479769124,fakeemail@filler.com
52,Taken,Filler1,2479769124,fakeemail@filler.com
53,Taken,Filler,8466168154,fakeemail@filler.com
54,Taken,Filler1,1279161185,fakeemail@filler.com
55,Taken,Filler,1234567891,fakeemail@filler.com
56,Taken,Filler1,2479769124,fakeemail@filler.com
57,Taken,Filler,2479769124,fakeemail@filler.com
58,Taken,Filler1,8466168154,fakeemail@filler.com
59,Taken,Filler,1279161185,fakeemail@filler.com
60,Taken,Filler1,1234567891,fakeemail@filler.com